ObjectClass	ObjectProperty	DataElementConcept	ObjectPropertyLabelEN	ObjectPropertyLabelFR	ConceptualDomain	FormatConceptualDomain	ConceptualDomainRef	Required	DataElementConceptDefFR	DataElementConceptDefEN	IdDataElementConcept	Examples
Patient	Id	Patient_Id	Patient Id	Id du patient		String		mandatory	Identifiant du patient dans le centre transmetteur de l'information	Patient ID in the center providing the information	C1	SHIVA_01-001
Patient	Gender	Patient_Gender	Gender	Sexe du patient	FHIR:AdministrativeGender	String		mandatory	Sexe du patient	Gender of the patient	C2	
Patient	Race	Patient_Race	Race	Ethnicité	FHIR:Race	String		optional	Origine ethnique du patient	Race of the patient	C3	
Patient	BirthDate	Patient_BirthDate	Birth Date	Date de naissance		Date		mandatory	Date de naissance du patient	Date of birth of the patient	C4	YYYY-MM-DD
Patient	DeathDate	Patient_DeathDate	Death Date	Date de décès		Date		optional	Date de décès du patient	Date of death of the patient	C5	YYYY-MM-DD
Patient	ProviderCenterId	Patient_ProviderCenterId	Provider  Center  Id	Id du Centre fournisseur de données		String		mandatory	Identifiant du centre transmetteur de l'information (code FINESS)	Center ID of the center providing the information	C6	
Patient	OriginCenterId	Patient_OriginCenterId	Origin  Center  Id	Id du Centre d'origine du patient		String		mandatory	Identifiant du centre d'origine du patient	Center ID of the center of origin of the patient	C71	
Patient	CauseOfDeath	Patient_CauseOfDeath	Cause of death	Cause de décès	UMLS:C0007465	String		mandatory if DeathDate is set	Descriptif de la cause de décès du patient	Description of the cause of death of the patient 	C7	
Patient	LastNewsDate	Patient_LastNewsDate	Last News Date	Date de dernières nouvelles		Date		mandatory	Date de dernières nouvelles du patient (= date de dernière venue du patient si aucune autre information disponible) (le jour est fixé au 15)	Date of last news (= date of last patient visit if there is no other information available) (day is set to the 15th)	C8	
Patient	LastNewsStatus	Patient_LastNewsStatus	Last News Status	Etat aux dernières nouvelles	OSIRIS:LastNewsStatus	String		mandatory	Indicateur de l'état du patient aux dernières nouvelles (Vivant ou décédé)	Indicator of the patient's last known vital status (alive or deceased)	C9	
Consent	Date	Consent_Date	Date	Date de signature du consentement		Date		mandatory	Date de signature du consentement	Date of consent signature	C72	
Consent	GeneticAnalysisAuthorization	Consent_GeneticAnalysisAuthorization	Genetic Analysis Authorization	Autorisation pour des analyses génétiques	OSIRIS:Boolean	String		mandatory	Autorisation pour des analyses génétiques	Consent for genetic analysis	C79	
RelatedPathology	PathologyCode	RelatedPathology_PathologyCode	Pathology Code	Code	ICD10	String		mandatory if ObjectClass is set	Code international de la pathologie associée (hors autre cancer). 3 caractères.	International code for the related disease (other than cancer). 3 characters.	C13	E11
RelatedPathology	DiagnosisDate	RelatedPathology_DiagnosisDate	Diagnosis Date	Date		Date		mandatory if ObjectClass is set	Date du diagnostic de la pathologie associée	Date of diagnosis for the related disease.	C14	
RelatedPathology	PathologyEndDate	RelatedPathology_PathologyEndDate	Pathology End Date	Date de fin		Date		optional	Date de fin de la pathologie associée (si elle existe et est connue).	Date of the end of the related disease (if occuring and known)	C15	
FamilyCancerHistory	TopographyCode	FamilyCancerHistory_TopographyCode	Topography Code	Code Localisation	ICDO3:Topography	String		mandatory if ObjectClass is set	Code international de la localisation de l'antécédent carcinologique	International code for the localization of the oncologic primary site	C17	
FamilyCancerHistory	Parentage	FamilyCancerHistory_Parentage	Parentage	Parentage	OSIRIS:FamilyCancerHistoryParentage	String		mandatory if ObjectClass is set	Lien de parenté	Family relationship	C77	
TumorPathologyEvent	Type	TumorPathologyEvent_Type	Type	Type d'événement	OSIRIS:EventType	String		mandatory	Le champ 'Type' permet de décrire à la fois l'événement 'Cancer' en tant que maladie globale que les différents événements constituant cette maladie (Tumeur initiale, Récidive locale, Récidive métastatique).	The field 'Type' allows to describe the 'Cancer' event as a global disease, as well as the various events constituting this disease (primary tumor, local relapse, metastatic relapse...)	C20	
TumorPathologyEvent	StartDate	TumorPathologyEvent_StartDate	Start Date	Date de début de l'événement		Date		mandatory	Date de début de l'événement tumoral ou de la maladie	Date of start of cancer event or disease	C21	
TumorPathologyEvent	EndDate	TumorPathologyEvent_EndDate	End Date	Date de fin de l'événement		Date		optional	Date de fin de l'événement tumoral ou de la maladie	Date of end of cancer event or disease	C82	
TumorPathologyEvent	PerformanceStatus	TumorPathologyEvent_PerformanceStatus	Performance Status	Echelle d'autonomie / Performance status	OMS:PerformanceStatus	String		optional	Définition de l'échelle d'autonomie (échelle de Karnofsky ou OMS)	Definition of the autonomy scale (Karnofsky scale or OMS)	C22	
TumorPathologyEvent	G8	TumorPathologyEvent_G8	G8 score	Outil de dépistage G8 (score)		Integer		optional	Outil d'évaluation de l'état général des patients âgés ayant un cancer	Tool for the evaluation of the general condition of the patient	C23	
TumorPathologyEvent	HistologicalGradeType	TumorPathologyEvent_HistologicalGradeType	Histological Grade Type	HistologicalGradeType	OSIRIS:HistologicalGradeType	String		optional, mandatory if HistologicalGradeValue is set	Liste des échelles de grading histologique	List of histological grading scales	C29	
TumorPathologyEvent	HistologicalGradeValue	TumorPathologyEvent_HistologicalGradeValue	Histological Grade Value	HistologicalGradeValue	OSIRIS:HistologicalGradeValue	String		optional, mandatory if HistologicalGradeType is set	Valeur du grade histologique	Value of histological grade	C30	
TumorPathologyEvent	StadeType	TumorPathologyEvent_StadeType	Stade Type	StadeType	OSIRIS:StadeType	String		optional, mandatory if StadeValue is set	Liste des échelles de stade	List of stage scales	C31	
TumorPathologyEvent	StadeValue	TumorPathologyEvent_StadeValue	Stade Value	StadeValue	OSIRIS:StadeValue	String		optional, mandatory if StadeType is set	Valeur du stade	Stage value	C32	
TumorPathologyEvent	DiagnosisDate	TumorPathologyEvent_DiagnosisDate	Diagnosis Date	Date du diagnostic		Date		mandatory	Date du diagnostic de l'événement tumoral	Date of diagnosis of the tumor event	C33	
TumorPathologyEvent	TopographyCode	TumorPathologyEvent_TopographyCode	Topography Code	Code Localisation	ICDO3:Topography	String		mandatory	Localisation de la tumeur primaire	Localisation of the primary tumor	C34	
TumorPathologyEvent	MorphologyCode	TumorPathologyEvent_MorphologyCode	Morphology Code	Code Morphologie / Lésion	ICDO3:Morphology	String		mandatory	Code international de la lésion / type histologique / morphologie de l'événement tumoral	International code of lesion / histological type / tumor morphology of the tumoral event	C35	
TumorPathologyEvent	Laterality	TumorPathologyEvent_Laterality	Laterality	Latéralité	OSIRIS:Laterality	String		optional	Latéralité de la localisation (si elle existe)	Laterality of location (if it exists)	C36	
TNM	T	TNM_T	T	T	OSIRIS:T_TNM	String		optional, mandatory if either N, M or TNMType is set	Taille de la tumeur, propagation sur le site de la tumeur primitive	Size of the tumor, propagation the site of the primary tumor	C83	
TNM	N	TNM_N	N	N	OSIRIS:N_TNM	String		optional, mandatory if either T, M or TNMType is set	Propagation au niveau ganglionnaire	Propagation at the ganglion level	C84	
TNM	M	TNM_M	M	M	OSIRIS:M_TNM	String		optional, mandatory if either T, N or TNMType is set	Propagation à distance, présence de métastases	Remote propagation, presence of metastases	C85	
TNM	Version	TNM_Version	TNM Version	Version du TNM	OSIRIS:TNMVersion	String		optional	Version de la classification TNM	TNM classification version	C86	
TNM	Type	TNM_Type	TNM Type	Type de TNM	OSIRIS:TNMType	String		optional, mandatory if either T, N or M is set	c, p, r,...	c, p, r,...	C87	
Analysis	Code	Analysis_Code	Code	Code unique de l'analyse		String		optional	Code de l'analyse	Code of analysis	C70	
Analysis	Type	Analysis_Type	Type	Type d'analyse	OSIRIS:AnalysisType	String		mandatory if ObjectClass is set	Type d'analyse	Type of analysis	C37	
Analysis	Date	Analysis_Date	Date	Date d'analyse		Date		mandatory if ObjectClass is set	Date d'analyse	Date of analysis	C38	
ResponseEvaluation	Date	ResponseEvaluation_Date	Date	Date de l'évaluation de la réponse		Date		mandatory if ObjectClass is set	Date de l'évaluation de la réponse au traitement	Date of assessment of treatment response	C78	
ResponseEvaluation	Status	ResponseEvaluation_Status	Status	Statut de l'évaluation de la réponse	OSIRIS:RECIST	String		mandatory if ObjectClass is set	Evaluation de la réponse au traitement	Assessment of treatment response	C73	
Biomarker	Code	Biomarker_Code	Code	Code du marqueur	OSIRIS:BiomarkerCode	String		mandatory if ObjectClass is set	Nom du biomarqueur	Biomarker name	C39	
Biomarker	Value	Biomarker_Value	Value	Valeur du marqueur		String		mandatory if ObjectClass is set	Valeur du biomarqueur	Biomarker value	C40	
Biomarker	Unit	Biomarker_Unit	Unit	Unité d'expression du marqueur		String		optional	Unité d'expression du biomarqueur	Biomarker unit	C81	
Treatment	Type	Treatment_Type	Type	Type de traitement	OSIRIS:TreatmentType	String		mandatory if ObjectClass is set	Type de traitement	Type of treatment	C41	
Treatment	LineNumber	Treatment_LineNumber	Line Number	Numéro de ligne		String		optional	Ligne de traitement	Line of treatment	C74	
Treatment	ActivityCode	Treatment_ActivityCode	Activity Code	Codification de l'acte	CCAM	String		optional	Code CCAM de l'acte	CCAM code of the medical act	C42	
Treatment	StartDate	Treatment_StartDate	Start Date	Date de début		Date		mandatory if ObjectClass is set	Date de début du traitement	Date of treatment start	C43	
Treatment	EndDate	Treatment_EndDate	End Date	Date de fin		Date		mandatory if ObjectClass is set	Date de fin du traitement	Date of treatment end	C44	
Treatment	ClinicalTrialContext	Treatment_ClinicalTrialContext	Clinical Trial Context	Clinical trial (Yes | No)	OSIRIS:Boolean	String		optional	Traitement effectué dans un contexte d'étude clinique	Treatment performed in a clinical study setting	C45	
Treatment	ClinicalTrialName	Treatment_ClinicalTrialName	Clinical Trial Name	Nom de l'essai clinique		String		optional, mandatory if ClinicalTrialContext is 'Yes'	Nom de l'étude clinique	Name of the clinical study	C75	
Treatment	ClinicalTrialId	Treatment_ClinicalTrialId	Clinical Trial Id	Identifiant de l'essai clinique		String		optional, mandatory if ClinicalTrialContext is 'Yes'	Identifiant NCT de l'étude clinique	NCT identifier of the clinical study	C76	
Treatment	SurgeryResectionQuality	Treatment_SurgeryResectionQuality	Surgery Resection Quality	Qualité de la résection (anapath)	OSIRIS:SurgeryResectionQuality	String		optional	Qualité de la résection (anapath)	Quality of resection (anapath)	C46	
Treatment	SurgeryNature	Treatment_SurgeryNature	Surgery Nature	Nature de la chirurgie		String		optional	Nature de la chirurgie	Nature of the surgery	C47	
AdverseEvent	Code	AdverseEvent_Code	Code	Code de l'événement indésirable	MedDRA_CTCAE-v5.0	String		mandatory if ObjectClass is set	Code international de l'événement indésirable survenu en cours de traitement (hors autre cancer), seulement les 4 premières lettres.	International code of the adverse event occurring during treatment (excluding other cancer), only the first 4 letters.	C48	
AdverseEvent	Date	AdverseEvent_Date	Date	Date de l'événement indésirable		Date		mandatory if ObjectClass is set	Date du diagnostic de l'événement indésirable	Date of the diagnosis of the adverse event	C49	
AdverseEvent	EndDate	AdverseEvent_EndDate	End Date	Date de fin		Date		optional	Date de fin de l'événement indésirable (si elle est connue)	End date of the adverse event (if known)	C50	
AdverseEvent	Grade	AdverseEvent_Grade	Grade	Grade		String		mandatory if ObjectClass is set	Grade de l'évenement indésirable	Grade of the adverse event	C80	
Drug	Code	Drug_Code	Code	Code molécule	ATC	String		mandatory if ObjectClass is set	Code de la classification thérapeutique (5ème niveau si possible)	Therapeutic classification code (5th level if possible)	C51	
Drug	Name	Drug_Name	Name	Nom de la molécule		String		mandatory if ObjectClass is set	Nom de la molécule	Name of the molecule	C52	
BiologicalSample	ExternalAccession	BiologicalSample_ExternalAccession	Sample External Accession	Id unique de l'échantillon		String		mandatory if ObjectClass is set	Identifiant unique de l'échantillon	Unique identifier of the sample	C53	
BiologicalSample	ParentExternalAccession	BiologicalSample_ParentExternalAccession	Parent sample External Accession	Identifiant unique de l'échantillon parent		String		optional	Identifiant unique de l'échantillon parent (s'il en existe un, exemple N°histo)	Unique identifier of the parent sample (if there is one, example histo#)	C54	
BiologicalSample	CollectDate	BiologicalSample_CollectDate	Collect Date	Date du prélèvement		Date		mandatory if ObjectClass is set	Date du prélèvement	Date of sampling	C56	
BiologicalSample	TopographyCode	BiologicalSample_TopographyCode	Topography Code	Code Localisation	ICDO3:Topography	String		mandatory if ObjectClass is set	Code de la localisation tumorale	Code of tumor localization	C57	
BiologicalSample	Nature	BiologicalSample_Nature	Nature	Nature de l'échantillon	OSIRIS:SampleNature	String		mandatory if ObjectClass is set	Nature de l'échantillon	Nature of the sample	C58	
BiologicalSample	Origin	BiologicalSample_Origin	Origin	Nature du prélèvement (tumoral / sain)	OSIRIS:SampleOrigin	String		mandatory if ObjectClass is set	Nature du prélèvement d'origine (Sain ou Tumoral)	Nature of the original sample (Healthy or Tumoral)	C59	
BiologicalSample	StorageTemperature	BiologicalSample_StorageTemperature	Storage Temperature	Mode de conservation	OSIRIS:StorageTemperature	String		optional	Mode de conservation	Mode of preservation	C60	
BiologicalSample	TumorCellularity	BiologicalSample_TumorCellularity	Tumor Cellularity	% de cellules tumorales		Integer		optional	Pourcentage de cellules tumorales quantifié dans l'échantillon	Percentage of tumor cells quantified in the sample	C61	
Technology	TechnicalProtocol	Technology_TechnicalProtocol	Technical Protocol	Technical Protocol	OSIRIS:TechnicalProtocol	String		mandatory	Protocole de l'expérience	Protocol used for the experiment	O6	
Technology	PlatformName	Technology_PlatformName	Platform Name	Platform Name	OSIRIS:PlatformName	String		mandatory	Nom de la plateforme technologique (fournisseur suivi du nom de la plateforme)	Technological platform name (provider followed by the platform name)	O7	Agilent Human CGH 1x1M
Technology	PlatformAccession	Technology_PlatformAccession	Platform Accession	Platform Accession		String		optional	Identifiant GEO de la plateforme	GEO Identifier of the platform	O8	GPL21026
Technology	DateOfExperiment	Technology_DateOfExperiment	Date Of Experiment	Date Of Experiment		Date		optional	Date de l'expérience	Date when the experiment was performed	O9	2018-20-03
Panel	Name	Panel_Name	Name	Name	OSIRIS:PanelName	String		optional	Nom du panel ciblé utilisé (fournisseur suivi du nom du panel)	Name of the panel targeted by the experimental analysis (provider followed by the panel name)	O10	Ion AmpliSeq Cancer Hotspot Panel v2
AnalysisProcess	AnalyticPipelineCode	AnalysisProcess_AnalyticPipelineCode	Analytic Pipeline Code	Analytic Pipeline Code		String		mandatory	Identifiant du pipeline utilisé pour l'analyse (unique dans le centre)	Identifier of the pipeline used into the analysis (unique in the center)	O11	sbd54dsf57s
OmicAnalysis	AlgorithmicCellularity	OmicAnalysis_AlgorithmicCellularity	Algorithmic Cellularity	Algorithmic Cellularity		Integer		optional	Pourcentage de cellules tumorales calculé pour l'échantillon	Calculated percentage of tumor cells in sample	O12	50
OmicAnalysis	AlgorithmicPloidy	OmicAnalysis_AlgorithmicPloidy	Algorithmic Ploidy	Algorithmic Ploidy	OSIRIS:AlgorithmicPloidy	String		optional	Nombre de sets de chromosomes calculé pour une cellules de l'échantillon	Calculated number of sets of chromosomes in a cell of the sample	O13	O13-2
OmicAnalysis	NumberOfBreakPoints	OmicAnalysis_NumberOfBreakPoints	Number Of Break Points	Number Of Break Points		Integer		optional	Nombre de cassures calculé pour un profile génomique	Calculated number of break points in genomic profile	O14	320
AlterationOnSample	AlterationType	AlterationOnSample_AlterationType	Alteration Type	Alteration Type	OSIRIS:AlterationType	String		mandatory	Type général de l'altération génétique (type de haut niveau)	General type of the detected genetic alteration (high level type)	O15	Copy number variation
AlterationOnSample	Pathogenicity	AlterationOnSample_Pathogenicity	Pathogenicity	Pathogenicity	OSIRIS:AlterationOnSample_Pathogenicity	String		optional	Conclusion du biologiste sur la pathogénicité du variant avant la rcpm	Conclusion of the biologist on the pathogenicity of the variant before the Molecular Tumor Board	O81	
AlterationOnSample	Actionability	AlterationOnSample_Actionability	Actionability	Actionability	OSIRIS:AlterationOnSample_Actionability	String		optional	Conclusion du clinicien sur l'actionabilité du variant lors de la rcpm	Conclusion of the clinicians wether the variant is actionable or not during the Molecular Tumor Board	O82	
AlterationOnSample	ProposedForOrientation	AlterationOnSample_ProposedForOrientation	Proposed For Orientation	Proposed For Orientation	OSIRIS:Boolean	String		optional	La conclusion de la RCPM a-t-elle été utilisée pour l'orientation thérapeutique du patient?	Is the ClinicalTumorBoardConclusion used to orient the treatment decision ?	O83	
Validation	Type	Validation_Type	Type	Type	OSIRIS:ValidationType	String		mandatory if ObjectClass is set	Type de validation de l'altération détectée	Type of validation of the detected alteration	O16	Experimental, by biologist
Validation	Method	Validation_Method	Method	Method		String		mandatory if ObjectClass is set	Méthode de validation en fonction du type de validation	Validation method depending on the type of validation	O17	
Validation	Status	Validation_Status	Status	Status	OSIRIS:ValidationStatus	String		mandatory if ObjectClass is set	Status de validation de l'altération détectée	Validation status of the detected alteration	O18	Validated
Alteration	Chromosome	Alteration_Chromosome	Chromosome	Chromosome	OSIRIS:Chromosome	String		mandatory	Chromosome contenant l'altération détectée	Chromosome containing the genetic finding	O19	
Alteration	GenomicStart	Alteration_GenomicStart	Genomic Start	Genomic Start		Integer		mandatory	Localisation du nucléotide de début de l'altération détectée	Nucleotide location for start of genomic finding on the positive (+) genomics strand, 1-based	O20	
Alteration	GenomicStop	Alteration_GenomicStop	Genomic Stop	Genomic Stop		Integer		mandatory	Localisation des nucléotides pour la fin de l'altération génomique sur le brin génomique positif (+), basé sur 1	Nucleotide location for end of genomic finding on the positive (+) genomic strand, 1-based	O21	
Alteration	GenomeBuild	Alteration_GenomeBuild	Genome Build	Genome Build	FHIR:Sequence	String		mandatory	Version du génome utilisée comme référence	Genome Build used for reference	O22	
Alteration	Cytoband	Alteration_Cytoband	Cytoband	Cytoband		String		optional	Localisation cytogénétique	Cytogenetic location	O23	
GenomeEntity	Type	GenomeEntity_Type	Type	Type	OSIRIS:GenomeEntityType	String		mandatory	Type de l'entité du génome. Par exemple: gène, ARNm, ARNnc ..	Type of the genome entity. For eg: gene, mRNA, ncRNA...	O24	
GenomeEntity	Database	GenomeEntity_Database	Database	Database	OSIRIS:GenomeEntityDatabase	String		mandatory	Base de données de l'entité génomique	Database of the genome entity	O25	
GenomeEntity	Id	GenomeEntity_Id	Id	Id		String		mandatory	Identifiant de l'entité génomique dans la base de données d'entités génomiques	Identifier of the genome entity in the genome entity database	O26	
GenomeEntity	Symbol	GenomeEntity_Symbol	Symbol	Symbol		String		mandatory if Gene	Symbole Hugo du gène	Hugo gene symbol	O27	
Fusion	Type	Fusion_Type	Type	Type	OSIRIS:FusionType	String		optional	Type de l'événement de fusion. Par exemple: translocation, readthrough	Type of the fusion event. For eg: translocation, readthrough	O28	
Fusion	Point5prime	Fusion_Point5prime	Point 5 prime	Point 5 prime		Integer		mandatory	Position du point de fusion sur le partenaire en 5 prime	Position of the fusion point on the 5 prime partner	O35	
Fusion	Chromosome5prime	Fusion_Chromosome5prime	Chromosome 5 prime	Chromosome 5 prime	OSIRIS:Chromosome	String		mandatory	Chromosome du point de fusion sur le partenaire en 5 prime		O97	
Fusion	Point3prime	Fusion_Point3prime	Point 3 prime	Point 3 prime		Integer		mandatory	Position du point de fusion sur le partenaire en 3 prime	Position of the fusion point on the 3 prime partner	O40	
Fusion	Chromosome3prime	Fusion_Chromosome3prime	Chromosome 3 prime	Chromosome 3 prime	OSIRIS:Chromosome	String		mandatory	Chromosome du point de fusion sur le partenaire en 3 prime		O98	
Fusion	InFrame	Fusion_InFrame	In Frame	In Frame	OSIRIS:Boolean	String		optional	Indiquez si la fusion est dans le cadre de lecture	Specify whether the fusion is in frame	O41	
Fusion	NbSpanningPair	Fusion_NbSpanningPair	Nb Spanning Pair	Nb Spanning Pair		Integer		mandatory	Nombre de paires de reads couvrant la fusion	Number of reads pairs spanning the fusion	O44	
Fusion	NbSplitReads	Fusion_NbSplitReads	Nb Split Reads	Nb Split Reads		Integer		optional	Nombre de reads contenant le point de fusion	Number of reads containing the fusion point	O46	
CNV	SegmentIntensity	CNV_SegmentIntensity	Segment Intensity	Segment Intensity		Float		mandatory	Intensité du signal mesuré	Intensity of the measured signal	O47	
CNV	SegmentGenomicStatus	CNV_SegmentGenomicStatus	Segment Genomic Status	Segment Genomic Status	OSIRIS:SegmentGenomicStatus	String		mandatory	Status du nombre de copies	Copy number status	O49	
CNV	CopyNumber	CNV_CopyNumber	Copy Number	Copy Number		Integer		optional	Nombre estimé de copies d'ADN	Estimated DNA copy number	O50	
CNV	LOH	CNV_LOH	LOH	LOH	OSIRIS:Boolean	String		optional	Le segment est-il situé dans une région de perte d'hétérozygotie? (peut être indépendant des informations du numéro de copie	Is the segment located in a region of loss of heterozygosity ? (can be independant from copy number information	O51	
CNV	SegmentSize	CNV_SegmentSize	SegmentSize	Taille du segment		Integer		optional	Taille du segment comportant le CNV			
Variant	ReferenceAllele	Variant_ReferenceAllele	Reference Allele	Reference Allele		String		mandatory	Allèle de référence du brin plus à cette position. Incluez la séquence délétée pour une délétion, ou '-' pour une insertion.	Plus strand reference allele at this position. Include the sequence deleted for a deletion, or '-' for an insertion.	O53	
Variant	AlternativeAllele	Variant_AlternativeAllele	Alternative Allele	Alternative Allele		String		mandatory	Allèle alternatif observé du brin plus à cette position. Incluez la séquence délétée pour une délétion, ou '-' pour une insertion.	Plus strand observed alternative allele at this position. Include the sequence inserted for a insertion, or '-' for a deletion.	O54	
Variant	DNASequenceVariationType	Variant_DNASequenceVariationType	DNA Sequence Variation Type	DNA Sequence Variation Type	LOINC:48019-4	String		mandatory	Type codifié de la variation de la séquence d'ADN	Codified type of the DNA sequence variation	O55	
Annotation	ReferenceType	Annotation_ReferenceType	Reference Type	Reference Type	OSIRIS:Annotation_ReferenceType	String		mandatory if DNASequenceVariation is set			O90	
Annotation	ReferenceDatabase	Annotation_ReferenceDatabase	Reference Database	Reference Database	OSIRIS:Annotation_ReferenceDatabase	String		mandatory if DNASequenceVariation is set			O91	
Annotation	ReferenceValue	Annotation_ReferenceValue	Reference Value	Reference Value		String		optional			O92	
Annotation	MutationPredictionAlgorithm	Annotation_MutationPredictionAlgorithm	Mutation Prediction Algorithm	Mutation Prediction Algorithm	OSIRIS:MutationPredictionAlgorithm	String		optional	Algorithme pour prédire l'effet de variation sur la protéine	Algorithm to predict the variation effect over the protein	O63	
Annotation	MutationPredictionValue	Annotation_MutationPredictionValue	Mutation Prediction Value	Mutation Prediction Value		String		optional	Prédiction de l'effet de variation sur la protéine	Prediction of the variation effect over the protein	O64	
Annotation	MutationPredictionScore	Annotation_MutationPredictionScore	Mutation Prediction Score	Mutation Prediction Score		Float		optional	Niveau de confiance de la prédiction de l'effet de variation sur la protéine	Level of confidence of the prediction of the variation effect over the protein	O65	
Annotation	PfamDomain	Annotation_PfamDomain	Pfam Domain	Pfam Domain		String		optional	Domaines Pfams liés à la position d'altération	Pfams domains related to alteration position	O58	
Annotation	PfamId	Annotation_PfamId	Pfam Id	Pfam Id		String		optional	Identifiant des domaines Pfams liés à la position d'altération	Identifier of Pfams domains related to alteration position	O59	
Annotation	DNARegionName	Annotation_DNARegionName	DNA Region Name	DNA Region Name		String		optional	Nom lisible par l'homme de la région d'intérêt liée au transcript (ex: exon1, intron1, UTR3 ')	Human readable name for the region of interest related to the transcript (eg: exon1, intron1, UTR3')	O66	
Annotation	DNASequenceVariation	Annotation_DNASequenceVariation	DNA Sequence Variation	DNA Sequence Variation		String		mandatory	Nomenclature HGVS sur le transcript choisi	HGVS nomenclature on the chosen transcript	O71	c.6964C>T
Annotation	AminoAcidChange	Annotation_AminoAcidChange	Amino Acid Change	Amino Acid Change		String		optional	Nomenclature HGVS sur le transcript de protéine choisi	HGVS nomenclature on the chosen protein transcript	O72	p.Arg2322Cys
Annotation	GenomicSequenceVariation	Annotation_GenomicSequenceVariation	Genomic Sequence Variation	Genomic Sequence Variation		String		optional	Nomenclature HGVS sur le GenomeReferenceSequenceId choisi	HGVS nomenclature on the given GenomeReferenceSequenceId.	O73	g.1567234_1567235insTG
Annotation	RNASequenceVariation	Annotation_RNASequenceVariation	RNA Sequence Variation	RNA Sequence Variation		String		optional	HGVS nomenclature sur le TranscriptReferenceSequenceId choisi et expérimentalement observé sur l'ARN.	HGVS nomenclature on the given TranscriptReferenceSequenceId and experimentely observed on RNA.	O74	r.67g>u
Annotation	AminoAcidChangeType	Annotation_AminoAcidChangeType	Amino Acid Change Type	Amino Acid Change Type	OSIRIS:AminoAcidChangeType	String		optional	Nomenclature des changements au niveau des protéines	nomenclature of changes at protein-level	O75	
Annotation	FusionPrimeEnd	Annotation_FusionPrimeEnd	Fusion Prime End	Fusion Prime End	OSIRIS:Annotation_FusionPrimeEnd	String		optional	Indication du prime end du partenaire de fusion	Prime end of the fusion partner	O93	5prime
Annotation	Strand	Annotation_Strand	Strand	Strand	OSIRIS:Strand	String		optional	Brin	Strand	O94	+
Annotation	OnSplicingSite	Annotation_OnSplicingSite	OnSplicingSite	Sur site d'épissage	OSIRIS:Boolean	String		optional	Indication que la variation est sur un site de splicing	Indicate wether the variant is on a splicing site	O95	
VariantInSample	PositionReadDepth	VariantInSample_PositionReadDepth	Position Read Depth	Position Read Depth		Integer		mandatory	Profondeur totale de séquençage à la position du variant observée dans l'échantillon	Total sequencing depth at the variant position observed in the specimen	O76	
VariantInSample	VariantReadDepth	VariantInSample_VariantReadDepth	Variant Read Depth	Variant Read Depth		Integer		mandatory	Profondeur de séquençage de l'allèle alternatif à la position variant observée dans l'échantillon	Sequencing depth of the alternative allele at the variant position observed in the specimen	O77	
VariantInSample	StrandBias	VariantInSample_StrandBias	Strand Bias	Strand Bias	OSIRIS:Boolean	String		optional	Indication de l'existence d'un biais de brin à la position du variant	Indication of the existence of strand bias at the variant position	O78	
VariantInSample	GenomicSourceClass	VariantInSample_GenomicSourceClass	Genomic Source Class	Genomic Source Class	LOINC:LL378-1	String		mandatory	Classe génomique du variant (par exemple: constitutionel, somatique et prénatal)	Genomic class of the variant (eg: germline, somatic, and prenatal)	O79	Somatic
VariantInSample	AllelicState	VariantInSample_AllelicState	Allelic State	Allelic State	LOINC:LL381-5	String		optional	Niveau d'occurrence allélique d'une variation de séquence d'ADN	Level of allelic occurrence of a DNA Sequence Variation	O80	
GeneExpression	DataType	GeneExpression_DataType	Data Type	Data Type	OSIRIS:ExpressionDataType	String		mandatory	Type de la valeur d'expression correspondant au niveau de traitement des données	Type of the expression value corresponding to the level of data processing	O84	
GeneExpression	Value	GeneExpression_Value	Value	Value		Float		mandatory	Valeur numérique de l'expression	Numerical value for expression	O85	
Equipment	ModelName	Equipment_ModelName	Manufacturer's model name		DICOM		dicomTag (0008,1090)				I1	
Equipment	Manufacturer	Equipment_Manufacturer	Manufacturer's name		DICOM		dicomTag (0008,0070)				I2	
Study	StudyInstanceUID	Study_StudyInstanceUID	Study Instance UID		DICOM		dicomTag (0020,000D)				I3	
Study	StudyDescription	Study_StudyDescription	Study description		DICOM		dicomTag (0008,1030) 				I4	
Study	AcquisitionDate	Study_AcquisitionDate	Acquisition date		DICOM		dicomTag (0008, 0032), (0008, 0022) or dicomTag (0008, 0021), (0008, 0023) or dicomTag (0008, 0031), (0008, 0033)				I5	
Study	Location	Study_Location	Location				AE title etc ? IP adress port ? PACS CLB ou web server? ou ID Patient?				I6	
Study	InstitutionName	Study_InstitutionName	Institution's name		DICOM		dicomTag (0008,0080)				I7	
Study	ModalitiesInStudy	Study_ModalitiesInStudy	Modalities in study		DICOM		dicomTag (0008,0061)				I8	
Study	NbStudyRelatedSeries	Study_NbStudyRelatedSeries	Number of Study Related Series		DICOM		dicomtag(0020,1206)				I9	
Series	SeriesNumber	Series_SeriesNumber	Series Number		DICOM		dicomTag(0020,0011)				I10	
Series	SeriesInstanceUID	Series_SeriesInstanceUID	Series Instance UID		DICOM		dicomTag (0020,000E)				I11	
Series	Modality	Series_Modality	Modality		DICOM		dicomTag (0008, 0060)				I12	
Series	Description	Series_Description	Description		DICOM		dicomTag (00e1, 1040), (0008, 103e), (0008, 1030)				I13	
Series	BodyPartExamined	Series_BodyPartExamined	Body Part Examined		DICOM		dicomTag (0018,0015)				I14	
Series	NbSeriesRelatedInstances	Series_NbSeriesRelatedInstances	Number of Series Related Instances		DICOM		dicomtag (0020,1209)				I15	
Series	SoftwareVersion	Series_SoftwareVersion	Software's version		DICOM		dicomTag (0018,1020)				I16	
Injection	Radiopharmaceutical	Injection_Radiopharmaceutical	Radiopharmaceutical		DICOM		dicomTag (0018,0031)				I17	
Injection	ContrastBolusAgent	Injection_ContrastBolusAgent	Contrast/bolus agent		DICOM		dicomTag (0018,0010)				I18	
Injection	ContrastBolusStartTime	Injection_ContrastBolusStartTime	Contrast/bolus start time		DICOM		dicomTag (0018,1042)				I19	
Injection	ContrastBolusStopTime	Injection_ContrastBolusStopTime	Contrast/bolus stop time		DICOM		dicomTag (0018,1043)				I20	
Injection	RadiopharmaceuticalStartTime	Injection_RadiopharmaceuticalStartTime	Radiopharmaceutical start time		DICOM		dicomTag (0018,1072)				I21	
Injection	RadionuclideTotalDose	Injection_RadionuclideTotalDose	Radionuclide total dose		DICOM		dicomTag (0018,1074)				I22	
CommonImage	SOPInstanceUID	CommonImage_SOPInstanceUID	SOP Instance UID		DICOM		dicomtag (0008,0018)				I23	
CommonImage	SliceThickness	CommonImage_SliceThickness	Slice thickness		DICOM		dicomTag (0018,0050)				I24	
CommonImage	PixelSpacing	CommonImage_PixelSpacing	Pixel spacing		DICOM		dicomTag (0028,0030)				I25	
CommonImage	FieldOfView	CommonImage_FieldOfView	Field of view								I26	
CommonImage	Rows	CommonImage_Rows	rows		DICOM		dicomTag (0028,0010)				I27	
CommonImage	Columns	CommonImage_Columns	columns		DICOM		dicomTag (0028,0011)				I28	
MRImage	SequenceName	MRImage_SequenceName	Sequence's name		DICOM		dicomTag (0018,0024)				I29	
MRImage	MagneticFieldStrength	MRImage_MagneticFieldStrength	Magnetic field strength		DICOM		dicomTag (0018,0087)				I30	
MRImage	MRAcquisitionType	MRImage_MRAcquisitionType	MR acquisition type		DICOM		dicomTag (0018,0023)				I31	
MRImage	RepetitionTime	MRImage_RepetitionTime	Repetition time		DICOM		dicomTag (0018,0080)				I32	
MRImage	EchoTime	MRImage_EchoTime	EchoTime		DICOM		dicomTag (0018,0081)				I33	
MRImage	ImagingFrequency	MRImage_ImagingFrequency	ImagingFrequency		DICOM		dicomTag (0018,0084)				I34	
MRImage	FlipAngle	MRImage_FlipAngle	FlipAngle		DICOM		dicomTag (0018,0024)				I35	
MRImage	InversionTime	MRImage_InversionTime	InversionTime		DICOM		dicomTag (0018,0082)				I36	
MRImage	ReceiveCoilName	MRImage_ReceiveCoilName	ReceiveCoilName		DICOM		dicomTag (0018,1250)				I37	
CTImage	KVp	CTImage_KVp	KVp		DICOM		dicomTag (0018,0060)				I38	
CTImage	XRayTubeCurrent	CTImage_XRayTubeCurrent	XRayTubeCurrent		DICOM		dicomTag (0018,1151)				I39	
CTImage	ExposureTime	CTImage_ExposureTime	ExposureTime		DICOM		dicomTag (0018,1150)				I40	
CTImage	SpiralPitchFactor	CTImage_SpiralPitchFactor	SpiralPitchFactor		DICOM		dicomTag (0018,9311)				I41	
CTImage	FilterType	CTImage_FilterType	FilterType		DICOM		dicomTag (0018,1160)				I42	
CTImage	ConvolutionKernel	CTImage_ConvolutionKernel	ConvolutionKernel		DICOM		dicomTag (0018,1210)				I43	
PTImage	AttenuationCorrectionMethod	PTImage_AttenuationCorrectionMethod	AttenuationCorrectionMethod		DICOM		dicomTag (0054,1101)				I44	
PTImage	ReconstructionMethod	PTImage_ReconstructionMethod	ReconstructionMethod		DICOM		dicomTag (0054,1103)				I45	
PTImage	ScatterCorrectionMethod	PTImage_ScatterCorrectionMethod	ScatterCorrectionMethod		DICOM		dicomTag (0054,1105)				I46	
NMImage	AttenuationCorrectionMethod	NMImage_AttenuationCorrectionMethod	AttenuationCorrectionMethod		DICOM		dicomTag (0054,1101)				I47	
NMImage	ReconstructionMethod	NMImage_ReconstructionMethod	ReconstructionMethod		DICOM		dicomTag (0054,1103)				I48	
NMImage	ScatterCorrectionMethod	NMImage_ScatterCorrectionMethod	ScatterCorrectionMethod		DICOM		dicomTag (0054,1105)				I49	
DXImage	ImageLaterality	DXImage_ImageLaterality	ImageLaterality		DICOM		dicomTag (0020,0062)				I50	
DXImage	PatientOrientation	DXImage_PatientOrientation	PatientOrientation		DICOM		dicomTag (0020,0020)				I51	
DXImage	AnatomicRegionSequenceCodeMeaning	DXImage_AnatomicRegionSequenceCodeMeaning	AnatomicRegionSequenceCodeMeaning		DICOM		dicomTag (0008,0104)				I52	
DXImage	Anatomic Region SequenceCodeValue	DXImage_Anatomic Region SequenceCodeValue	Anatomic Region SequenceCodeValue		DICOM		dicomTag (0008,0100)				I53	
DXImage	KVP	DXImage_KVP	KVP		DICOM		dicomTag (0008,0060)				I54	
DXImage	Exposure	DXImage_Exposure	Exposure		DICOM		dicomTag (0018,1152)				I55	
DXImage	ExposureTime	DXImage_ExposureTime	ExposureTime		DICOM		dicomTag (0018,1150)				I56	
DXImage	ContrastBolusAgent	DXImage_ContrastBolusAgent	ContrastBolusAgent		DICOM		dicomTag(0018,0010)				I57	
ROISegmentation	ReferencedSOPInstanceUID	ROISegmentation_ReferencedSOPInstanceUID	ReferencedSOPInstanceUID		DICOM		dicomtag (0008,1150)				I58	
ROISegmentation	ROINumber	ROISegmentation_ROINumber	ROINumber		DICOM		dicomtag (3006,0084)				I59	
ROISegmentation	ROIName	ROISegmentation_ROIName	ROIName		DICOM		dicomtag (3006,0026)				I60	
ROISegmentation	ROIDescription	ROISegmentation_ROIDescription	ROIDescription		DICOM		dicomtag (3006,0028)				I61	
ROISegmentation	ROIType	ROISegmentation_ROIType	ROIType								I62	
ROISegmentation	ROIFilename	ROISegmentation_ROIFilename	ROIFilename								I63	
RadiomicsCriteria	SoftwareName	RadiomicsCriteria_SoftwareName	SoftwareName		IBSI?						I64	
RadiomicsCriteria	SoftwareVersion	RadiomicsCriteria_SoftwareVersion	SoftwareVersion		IBSI?						I65	
RadiomicsCriteria	Method	RadiomicsCriteria_Method	Method		IBSI?						I66	
RadiomicsCriteria	UsedImageFilter	RadiomicsCriteria_UsedImageFilter	UsedImageFilter		IBSI?						I67	
RadiomicsCriteria	DistanceWeighting	RadiomicsCriteria_DistanceWeighting	DistanceWeighting		IBSI?						I68	
RadiomicsCriteria	NumberOfGreyLevels	RadiomicsCriteria_NumberOfGreyLevels	NumberOfGreyLevels		IBSI?						I69	
RadiomicsCriteria	BinSize	RadiomicsCriteria_BinSize	BinSize		IBSI?						I70	
RadiomicsCriteria	IntensityResampling	RadiomicsCriteria_IntensityResampling	IntensityResampling		IBSI?						I71	
RadiomicsCriteria	LowestIntensity	RadiomicsCriteria_LowestIntensity	LowestIntensity		IBSI?						I72	
RadiomicsCriteria	BoundsRangeOfValueAfterDiscretisation	RadiomicsCriteria_BoundsRangeOfValueAfterDiscretisation	BoundsRangeOfValueAfterDiscretisation		IBSI?						I73	Uniquely identifies the referenced id or filename
RadiomicsCriteria	SpatialResamplingMethod	RadiomicsCriteria_SpatialResamplingMethod	SpatialResamplingMethod		IBSI?						I74	
RadiomicsCriteria	SpatialResamplingValues	RadiomicsCriteria_SpatialResamplingValues	SpatialResamplingValues		IBSI?						I75	
RadiomicsCriteria	TextureMatrixAggregation	RadiomicsCriteria_TextureMatrixAggregation	TextureMatrixAggregation		IBSI?						I76	
RadiomicsImageFilter	SoftwareName	RadiomicsImageFilter_SoftwareName	SoftwareName		IBSI?						I77	
RadiomicsImageFilter	SoftwareVersion	RadiomicsImageFilter_SoftwareVersion	SoftwareVersion		IBSI?						I78	
RadiomicsImageFilter	FilterName	RadiomicsImageFilter_FilterName	FilterName		IBSI?						I79	
RadiomicsImageFilter	FilterType	RadiomicsImageFilter_FilterType	FilterType		IBSI?						I80	
RadiomicsImageFilter	FilterInterpolation	RadiomicsImageFilter_FilterInterpolation	FilterInterpolation		IBSI?						I81	
RadiomicsImageFilter	IntensityRounding	RadiomicsImageFilter_IntensityRounding	IntensityRounding		IBSI?						I82	
RadiomicsImageFilter	BoundaryCondition	RadiomicsImageFilter_BoundaryCondition	BoundaryCondition		IBSI?						I83	
RadiomicsFeature	Id	RadiomicsFeature_Id	Id		IBSI?						I84	
RadiomicsFeature	Name	RadiomicsFeature_Name	Name		IBSI?						I85	
RadiomicsFeature	Value	RadiomicsFeature_Value	Value		IBSI?						I86	
												
												
												
												
												
												
												
												
												
												
												
												
												